{
  "cv_RMSE": 0.012289,
  "cv_MAE": 0.006445,
  "cv_R2": 0.962774,
  "cv_MAPE": 4.836707,
  "holdout_RMSE": 0.008322,
  "holdout_MAE": 0.005726,
  "holdout_R2": 0.982848,
  "holdout_MAPE": 4.422317,
  "temporal_RMSE": 0.008941,
  "temporal_MAE": 0.006852,
  "temporal_R2": -0.694082,
  "temporal_MAPE": 8.887692
}